ClassID,GenType,NPCID,PosX,PosY,PosZ,Direction,AnchorRange,Name
1,1,48004,3248,375,-1961,0,1,부엉이 조각상
2,2,0,-1322.2594,574.03577,-2179.2175,-162,0,에메트 숲
3,3,0,-2314.3108,643.61914,1099.5874,158,0,CASTLE25_2
4,4,0,1940.1193,373.18915,-2119.983,0,0,보급병
5,5,0,840.30676,524.62177,-564.85004,0,0,서쪽 숲 정찰병
6,6,0,721.4432,373.18915,-2327.2698,0,0,감시병
7,7,0,2192.7322,373.18915,-1692.0078,45,0,작은 나무 궤짝
8,7,0,2474.2053,373.20093,-1691.2291,0,0,작은 나무 궤짝
9,7,0,2464.909,373.18915,-2173.4766,90,0,작은 나무 궤짝
10,8,0,2621.1292,373.18915,-1835.959,90,0,박스
11,8,0,2281.9092,373.18915,-2228.958,90,0,박스
12,8,0,2396.6729,373.19775,-1877.2744,90,0,박스
13,9,0,1861.8882,426.26898,140.90079,0,0,낡은 봇짐
14,9,0,1760.4053,426.26898,-450.66278,0,0,낡은 봇짐
15,9,0,1502.8214,525.1044,-79.64479,0,0,낡은 봇짐
16,10,0,2188.106,426.26898,-27.578386,0,0,행상인이 잃어버린 물건1
17,10,0,2003.9958,426.26898,-246.87897,0,0,행상인이 잃어버린 물건1
18,10,0,1521.6276,571.3088,273.3682,0,0,행상인이 잃어버린 물건1
19,10,0,1547.167,522.95966,-449.5603,0,0,행상인이 잃어버린 물건1
20,10,0,1268.8016,571.3941,-94.24101,0,0,행상인이 잃어버린 물건1
21,11,0,642.0384,524.81464,-940.8603,0,0,그림자없는 NPC
22,11,0,625.82166,526.2898,-449.65338,0,0,그림자없는 NPC
23,11,0,428.7956,524.9609,-414.10785,0,0,그림자없는 NPC
24,11,0,403.49872,524.9609,-54.556713,0,0,그림자없는 NPC
25,11,0,493.83936,550.5145,-663.9598,0,0,그림자없는 NPC
26,11,0,385.57312,552.62524,-1035.8824,0,0,그림자없는 NPC
27,11,0,129.15219,552.62524,-207.78047,0,0,그림자없는 NPC
28,12,0,19,552.62524,-565,0,0,그림자없는 NPC
29,13,0,160,552.62524,-690,0,0,그림자없는 NPC
30,14,0,5,552.62524,-747,0,0,그림자없는 NPC
31,15,0,62,552.62524,-653,0,0,그림자없는 NPC
32,16,0,62,552.62524,-653,0,0,UnvisibleName
33,17,0,19,552.62524,-565,0,0,UnvisibleName
34,17,0,160,552.62524,-690,0,0,UnvisibleName
35,17,0,5,552.62524,-747,0,0,UnvisibleName
36,18,0,18.348349,417.7872,-2562.6157,0,0,그림자없는 NPC
37,18,0,-64.339645,450.86487,-2249.0164,0,0,그림자없는 NPC
38,18,0,80.57942,491.02728,-1866.2338,0,0,그림자없는 NPC
39,18,0,186.64633,413.93988,-2165.9602,0,0,그림자없는 NPC
40,18,0,427.8847,372.96463,-2014.9064,0,0,그림자없는 NPC
41,18,0,342.6169,373.0548,-2425.1426,0,0,그림자없는 NPC
42,19,0,-1039,500.2809,-183,-90,0,제단
43,20,0,-1039,500.2809,-183,0,0,UnvisibleName
44,21,0,181.97269,568.3246,-890.30536,0,0,붉은 마이즈
45,21,0,123.25762,552.62524,-657.601,0,0,붉은 마이즈
46,21,0,163.1933,552.62524,-389.9849,0,0,붉은 마이즈
47,21,0,243.89539,552.62524,-350.65192,0,0,붉은 마이즈
48,21,0,537.9054,524.73157,-754.5492,0,0,붉은 마이즈
49,21,0,459.58517,552.62524,-1082.4855,0,0,붉은 마이즈
50,21,0,688.1297,496.38016,-1196.4899,0,0,붉은 마이즈
51,21,0,875.7961,524.54614,-810.8687,0,0,붉은 마이즈
52,21,0,567.9901,524.9609,385.65833,0,0,붉은 마이즈
53,21,0,546.9677,524.9608,932.63556,0,0,붉은 마이즈
54,21,0,670.75806,511.4617,1315.3433,0,0,붉은 마이즈
55,21,0,1038.5201,426.50522,1349.2416,0,0,붉은 마이즈
56,21,0,1566.967,427.50278,1292.8506,0,0,붉은 마이즈
57,21,0,2036.3593,425.85898,1332.2385,0,0,붉은 마이즈
58,21,0,2223.7249,425.93616,914.4961,0,0,붉은 마이즈
59,21,0,2101.6538,425.7296,864.66144,0,0,붉은 마이즈
60,21,0,2146.283,425.66568,465.89615,0,0,붉은 마이즈
61,21,0,2222.3765,425.66568,469.5777,0,0,붉은 마이즈
62,21,0,2175.406,425.66568,609.0594,0,0,붉은 마이즈
63,21,0,2161.492,425.66568,601.93463,0,0,붉은 마이즈
64,21,0,2121.4375,426.26898,138.04279,0,0,붉은 마이즈
65,21,0,1918.5614,426.26898,-56.61683,0,0,붉은 마이즈
66,21,0,1741.7815,426.26898,-400.90875,0,0,붉은 마이즈
67,21,0,2013.9183,426.26898,-482.44333,0,0,붉은 마이즈
68,21,0,2114.3313,426.26898,-135.5637,0,0,붉은 마이즈
69,21,0,1950.3838,426.26898,-264.04916,0,0,붉은 마이즈
70,21,0,1503.0817,525.1046,-111.95293,0,0,붉은 마이즈
71,21,0,1493.0375,571.2765,105.58304,0,0,붉은 마이즈
72,21,0,1878.4362,426.26898,85.684105,0,0,붉은 마이즈
73,22,0,893.321,373.18915,-2607.1255,0,0,붉은 샤울라브
74,22,0,876.74963,373.18915,-2463.118,0,0,붉은 샤울라브
75,22,0,800.93536,373.18915,-2334.1414,0,0,붉은 샤울라브
76,22,0,830.82544,373.18915,-2138.5342,0,0,붉은 샤울라브
77,22,0,820.6537,382.4035,-1886.2838,0,0,붉은 샤울라브
78,22,0,783.3977,373.18915,-1762.1866,0,0,붉은 샤울라브
79,22,0,793.9545,373.18915,-1333.3702,0,0,붉은 샤울라브
80,22,0,854.29767,375.52185,-1298.9625,0,0,붉은 샤울라브
81,22,0,1171.0065,373.18915,-1388.1744,0,0,붉은 샤울라브
82,22,0,1403.8354,373.18915,-1315.658,0,0,붉은 샤울라브
83,22,0,1692.0659,373.18915,-1339.347,0,0,붉은 샤울라브
84,22,0,1633.9476,373.18915,-1124.8285,0,0,붉은 샤울라브
85,22,0,791.04285,472.06393,-1095.4418,0,0,붉은 샤울라브
86,22,0,522.39734,524.99976,-1018.0021,0,0,붉은 샤울라브
87,22,0,722.3634,373.18915,-1529.0004,0,0,붉은 샤울라브
88,22,0,1376.7805,373.18915,-2010.7699,0,0,붉은 샤울라브
89,22,0,1221.8665,373.18915,-2328.488,0,0,붉은 샤울라브
90,22,0,1100.1296,373.18915,-2200.8901,0,0,붉은 샤울라브
91,22,0,1240.5208,373.18915,-2106.8499,0,0,붉은 샤울라브
92,22,0,1497.2286,373.18915,-2543.463,0,0,붉은 샤울라브
93,22,0,1521.2882,373.18915,-2464.7844,0,0,붉은 샤울라브
94,22,0,1915.6482,373.18915,-2075.4202,0,0,붉은 샤울라브
95,22,0,1649.9957,373.18915,-2046.8551,0,0,붉은 샤울라브
96,22,0,2002.5045,373.18915,-1846.5056,0,0,붉은 샤울라브
97,22,0,2273.6953,373.19388,-1702.381,0,0,붉은 샤울라브
98,22,0,2394.9104,373.18362,-1381.2947,0,0,붉은 샤울라브
99,22,0,2460.8403,373.2803,-960.9972,0,0,붉은 샤울라브
100,22,0,2301.7502,373.15274,-1028.251,0,0,붉은 샤울라브
101,22,0,2248.9941,423.07513,-779.1828,0,0,붉은 샤울라브
102,22,0,2205.513,426.16504,-560.5043,0,0,붉은 샤울라브
103,22,0,2000.3307,426.26895,-579.6736,0,0,붉은 샤울라브
104,22,0,2053.6582,426.26898,-276.31448,0,0,붉은 샤울라브
105,22,0,1775.3434,426.26898,-336.48535,0,0,붉은 샤울라브
106,22,0,1812.9431,426.26898,-155.84514,0,0,붉은 샤울라브
107,22,0,2014.65,426.26898,45.86151,0,0,붉은 샤울라브
108,22,0,889.2979,373.18915,-1677.9753,0,0,붉은 샤울라브
109,22,0,701.741,373.18915,-2216.0386,0,0,붉은 샤울라브
110,22,0,610.79926,373.12302,-2166.64,0,0,붉은 샤울라브
111,22,0,176.19386,385.32077,-2479.3562,0,0,붉은 샤울라브
112,22,0,216.73975,413.93988,-2255.6504,0,0,붉은 샤울라브
113,22,0,80.56027,414.80713,-2361.2615,0,0,붉은 샤울라브
114,22,0,99.573204,415.71317,-2231.5388,0,0,붉은 샤울라브
115,22,0,100.83846,491.02728,-1925.411,0,0,붉은 샤울라브
116,22,0,-77.78836,450.86487,-2236.9365,0,0,붉은 샤울라브
117,22,0,-114.47836,450.86478,-2476.7576,0,0,붉은 샤울라브
118,22,0,2289.666,373.19833,-1975.4348,0,0,붉은 샤울라브
119,22,0,1585.2808,497.4484,-225.91666,0,0,붉은 샤울라브
120,22,0,1433.5522,497.50912,-285.68445,0,0,붉은 샤울라브
121,22,0,1448.8655,497.7626,-479.01666,0,0,붉은 샤울라브
122,23,0,-495.42603,568.16473,-2445.0955,0,0,검은 샤울라브 궁수
123,23,0,-646.51385,574.03577,-2521.8228,0,0,검은 샤울라브 궁수
124,23,0,-1015.6567,574.03577,-2366.5532,0,0,검은 샤울라브 궁수
125,23,0,-1132.5718,574.03577,-2258.8577,0,0,검은 샤울라브 궁수
126,23,0,-1178.7268,595.031,-1794.0394,0,0,검은 샤울라브 궁수
127,23,0,-997.57184,595.031,-1660.6022,0,0,검은 샤울라브 궁수
128,23,0,-1285.3207,595.031,-1633.0464,0,0,검은 샤울라브 궁수
129,23,0,-1275.4515,595.031,-1347.9146,0,0,검은 샤울라브 궁수
130,23,0,-1381.6722,595.031,-1193.5049,0,0,검은 샤울라브 궁수
131,23,0,-1239.31,595.031,-1220.9957,0,0,검은 샤울라브 궁수
132,23,0,-1423.5627,595.031,-766.53564,0,0,검은 샤울라브 궁수
133,23,0,-979.65295,500.2809,-742.6397,0,0,검은 샤울라브 궁수
134,23,0,-1078.638,500.2809,-431.22955,0,0,검은 샤울라브 궁수
135,23,0,-1148.5497,500.2809,-561.71106,0,0,검은 샤울라브 궁수
136,23,0,-1035.221,500.2809,-165.89482,0,0,검은 샤울라브 궁수
137,23,0,-1735.6049,595.0547,-257.94095,0,0,검은 샤울라브 궁수
138,23,0,-1549.7649,595.031,-702.5398,0,0,검은 샤울라브 궁수
139,23,0,-1750.8883,595.0547,324.91748,0,0,검은 샤울라브 궁수
140,23,0,-1866.0592,595.0547,258.8877,0,0,검은 샤울라브 궁수
141,23,0,-1688.7826,595.0547,78.187904,0,0,검은 샤울라브 궁수
142,23,0,-1805.84,595.0547,651.0173,0,0,검은 샤울라브 궁수
143,23,0,-982.6972,593.9862,-1070.771,0,0,검은 샤울라브 궁수
144,23,0,-1120.7948,595.031,-1138.859,0,0,검은 샤울라브 궁수
145,23,0,-1264.9033,595.031,-1488.5614,0,0,검은 샤울라브 궁수
146,23,0,-1238.6027,575.2891,-1982.5831,0,0,검은 샤울라브 궁수
147,23,0,-975.8294,574.03577,-2477.932,0,0,검은 샤울라브 궁수
148,23,0,-801.5954,574.03577,-2448.0938,0,0,검은 샤울라브 궁수
149,23,0,-328.29132,471.89096,-2481.5518,0,0,검은 샤울라브 궁수
150,23,0,-37.040615,450.86487,-2298.1675,0,0,검은 샤울라브 궁수
151,23,0,-24.048008,432.64886,-2447.1748,0,0,검은 샤울라브 궁수
152,23,0,64.39075,411.0963,-2519.9697,0,0,검은 샤울라브 궁수
153,23,0,193.24736,381.0828,-2298.646,0,0,검은 샤울라브 궁수
154,23,0,128.18239,406.62253,-2337.3516,0,0,검은 샤울라브 궁수
155,23,0,273.31693,373.02246,-2422.5947,0,0,검은 샤울라브 궁수
156,23,0,486.82733,372.96436,-2119.6997,0,0,검은 샤울라브 궁수
157,23,0,293.5002,413.93988,-2191.354,0,0,검은 샤울라브 궁수
158,23,0,101.44498,491.02722,-2042.9755,0,0,검은 샤울라브 궁수
159,23,0,195.50189,511.02722,-1960.2981,0,0,검은 샤울라브 궁수
160,23,0,318.8276,372.9649,-2000.4672,0,0,검은 샤울라브 궁수
161,24,0,1761.7628,373.18915,-1203.0839,0,0,검은 샤울라브 메이지
162,24,0,1576.976,373.18915,-1481.9373,0,0,검은 샤울라브 메이지
163,24,0,1510.755,373.18915,-1187.5377,0,0,검은 샤울라브 메이지
164,24,0,1295.566,373.18915,-1386.1912,0,0,검은 샤울라브 메이지
165,24,0,1059.8524,373.18915,-1263.9625,0,0,검은 샤울라브 메이지
166,24,0,848.8052,373.18915,-1477.4841,0,0,검은 샤울라브 메이지
167,24,0,688.95856,524.79047,-978.0567,0,0,검은 샤울라브 메이지
168,24,0,297.87515,552.62524,-893.4845,0,0,검은 샤울라브 메이지
169,24,0,365.50626,524.9609,-334.67023,0,0,검은 샤울라브 메이지
170,24,0,98.35216,552.62524,-590.53296,0,0,검은 샤울라브 메이지
171,24,0,394.13504,546.25073,-646.34827,0,0,검은 샤울라브 메이지
172,24,0,627.61475,527.812,-515.63574,0,0,검은 샤울라브 메이지
173,24,0,1416.8707,525.1024,-260.48718,0,0,검은 샤울라브 메이지
174,24,0,1345.5056,531.38666,-104.76668,0,0,검은 샤울라브 메이지
175,24,0,1540.8214,571.2961,209.20139,0,0,검은 샤울라브 메이지
176,24,0,1694.6772,431.9967,-163.12444,0,0,검은 샤울라브 메이지
177,24,0,1791.0756,426.26898,-531.3318,0,0,검은 샤울라브 메이지
178,24,0,2066.7148,426.26898,-246.89128,0,0,검은 샤울라브 메이지
179,24,0,1970.0072,426.26898,150.66402,0,0,검은 샤울라브 메이지
180,24,0,1687.2078,497.5091,-413.925,0,0,검은 샤울라브 메이지
181,24,0,1305.9594,561.0198,-129.03714,0,0,검은 샤울라브 메이지
182,24,0,1167.0508,571.3794,23.757092,0,0,검은 샤울라브 메이지
183,24,0,-1135.0632,595.031,-1627.5085,0,0,검은 샤울라브 메이지
184,24,0,-1277.2329,595.031,-1818.287,0,0,검은 샤울라브 메이지
185,24,0,-982.5416,595.031,-1628.6934,0,0,검은 샤울라브 메이지
186,24,0,-1074.4788,595.031,-1849.6724,0,0,검은 샤울라브 메이지
187,24,0,-1116.0577,595.031,-1710.2195,0,0,검은 샤울라브 메이지
188,24,0,-1367.3727,595.031,-1361.8579,0,0,검은 샤울라브 메이지
189,24,0,-1237.9586,578.021,-917.4819,0,0,검은 샤울라브 메이지
190,24,0,-1428.3651,595.031,-1035.3206,0,0,검은 샤울라브 메이지
191,24,0,-1437.3181,595.031,-766.2187,0,0,검은 샤울라브 메이지
192,24,0,-1102.3975,507.97058,-841.9825,0,0,검은 샤울라브 메이지
193,24,0,-1018.026,500.2809,-411.17538,0,0,검은 샤울라브 메이지
194,24,0,-1065.1066,500.28094,-580.6156,0,0,검은 샤울라브 메이지
195,24,0,-1059.6909,500.2809,-148.64912,0,0,검은 샤울라브 메이지
196,24,0,-1237.99,595.031,-1107.2709,0,0,검은 샤울라브 메이지
197,25,0,1510.9526,497.5091,-263.71704,0,0,검은 샤울라브 궁수
198,26,0,716.47,471.54,1235.67,0,0,나무뿌리 수정
199,26,0,931.99,426.51,1295.65,0,0,나무뿌리 수정
200,26,0,2161.47,426.18,1061.71,0,0,나무뿌리 수정
201,26,0,2053,426.27,-362.31,0,0,나무뿌리 수정
202,26,0,1273.99,524.99,-383.09,0,0,나무뿌리 수정
203,26,0,1675.77,435.39,18.69,0,0,나무뿌리 수정
204,26,0,886.34,524.39,-685.85,0,0,나무뿌리 수정
205,26,0,515.76,527.81,-521.15,0,0,나무뿌리 수정
206,26,0,533.14,524.96,278.12,0,0,나무뿌리 수정
207,26,0,733.27,373.19,-1430.89,0,0,나무뿌리 수정
208,26,0,1597.37,373.19,-1273.62,0,0,나무뿌리 수정
209,26,0,2425.39,373.24,-1110.95,0,0,나무뿌리 수정
210,26,0,2168.32,373.19,-2029.72,0,0,나무뿌리 수정
211,26,0,1242.74,373.19,-2209.99,0,0,나무뿌리 수정
212,26,0,89.38,413.94,-2305.83,0,0,나무뿌리 수정
213,26,0,-424.04,526.01,-2468.54,0,0,나무뿌리 수정
214,26,0,-978.97,574.04,-2415.9,0,0,나무뿌리 수정
215,26,0,-1056.44,595.03,-1742.95,0,0,나무뿌리 수정
216,26,0,-1332.52,595.03,-1245.05,0,0,나무뿌리 수정
217,26,0,-1017.12,500.28,-883.8,0,0,나무뿌리 수정
218,26,0,-1765.76,595.05,222.08,0,0,나무뿌리 수정
219,1000,0,1898.66,373.29,-1206.73,0,0,보물 상자 LV1
220,22,0,2381.4688,373.1913,-1946.5183,0,0,
221,22,0,2317.493,373.18915,-2012.3065,0,0,
222,22,0,2294.3733,373.18915,-2034.0709,0,0,
223,22,0,2309.7393,373.18915,-2127.5237,0,0,
224,22,0,2363.2034,373.18915,-2128.5166,0,0,
225,22,0,2337.9158,373.18915,-2089.0217,0,0,
226,22,0,2373.2966,373.18915,-2053.0283,0,0,
227,22,0,2434.9478,373.18915,-1991.4518,0,0,
228,22,0,2487.905,373.18915,-1992.4572,0,0,
229,22,0,2456.6895,373.18915,-1952.3948,0,0,
230,22,0,2339.7224,373.19046,-1970.8066,0,0,
231,22,0,2287.3647,373.18915,-2087.2268,0,0,
232,22,0,2248.6099,373.18915,-2121.7146,0,0,
233,22,0,2195.3638,373.18915,-2118.0125,0,0,
234,22,0,2140.472,373.18915,-2061.7034,0,0,
235,22,0,2089.4075,373.18915,-2084.2483,0,0,
236,22,0,2076.6135,373.18915,-2125.2207,0,0,
237,22,0,1978.7135,373.18915,-2134.0151,0,0,
238,22,0,1973.4213,373.18915,-2088.3506,0,0,
239,22,0,1988.3901,373.18915,-2012.9424,0,0,
240,22,0,1925.754,373.18915,-2017.3096,0,0,
241,22,0,2008.3969,373.18915,-1974.6146,0,0,
242,22,0,1990.3127,373.18915,-1927.381,0,0,
243,22,0,2050.1116,373.18915,-1895.221,0,0,
244,22,0,2060.7893,373.18915,-1992.3214,0,0,
245,22,0,2131.9934,373.18915,-1997.7269,0,0,
246,22,0,1999.6241,373.18915,-2086.299,0,0,
247,22,0,2046.2089,373.18915,-2048.299,0,0,
248,22,0,2215.287,373.18915,-2035.3429,0,0,
249,22,0,2259.281,373.17648,-1935.116,0,0,
250,22,0,2225.2754,373.18915,-1978.0879,0,0,
251,22,0,2203.0764,373.19556,-1915.0426,0,0,
252,22,0,2129.4382,373.18915,-1883.6895,0,0,
253,22,0,2134.9443,373.18915,-1818.2322,0,0,
254,22,0,2182.7393,373.18915,-1800.3356,0,0,
255,22,0,2292.3718,373.10483,-1829.5204,0,0,
256,22,0,2349.6094,373.2372,-1851.5072,0,0,
257,22,0,2401.6877,373.20807,-1826.739,0,0,
258,22,0,2440.9382,373.19348,-1858.6384,0,0,
259,22,0,2344.044,373.21924,-1895.3031,0,0,
260,22,0,2269.7478,373.1094,-1855.4471,0,0,
261,22,0,2212.1445,373.15353,-1839.8721,0,0,
262,22,0,2259.1917,373.0801,-1784.4948,0,0,
263,22,0,2225.0642,373.17453,-1727.0905,0,0,
264,22,0,2321.9202,373.14633,-1788.1155,0,0,
265,22,0,2304.1658,373.1276,-1650.21,0,0,
266,22,0,2370.8477,373.1972,-1623.2465,0,0,
267,22,0,2391.1372,373.24884,-1649.9694,0,0,
268,22,0,2452.9954,373.2077,-1739.3428,0,0,
269,22,0,2383.715,373.26865,-1762.3981,0,0,
270,22,0,2459.0396,373.20236,-1787.8137,0,0,
271,22,0,2426.4243,373.27106,-1707.6353,0,0,
272,22,0,2482.236,373.18994,-1892.7352,0,0,
273,22,0,2510.3713,373.18915,-1929.7123,0,0,
274,22,0,2568.6282,373.21512,-1935.2661,0,0,
275,22,0,2443.0361,373.24298,-1367.0155,0,0,
276,22,0,2393.5354,373.19568,-1321.5336,0,0,
277,22,0,2368.3037,373.16895,-1264.9105,0,0,
278,22,0,2412.8093,373.20956,-1263.5671,0,0,
279,22,0,2480.0242,373.27844,-1311.6484,0,0,
280,22,0,2431.1802,373.2332,-1085.4636,0,0,
281,22,0,2343.323,373.17847,-1044.9805,0,0,
282,22,0,2335.6235,373.16617,-975.2025,0,0,
283,22,0,2422.7004,373.23645,-1006.8146,0,0,
284,22,0,2504.2249,373.2914,-1025.0405,0,0,
285,22,0,2367.002,373.20837,-922.10675,0,0,
286,22,0,2387.1226,373.2156,-964.3312,0,0,
287,22,0,2386.3289,373.2014,-1019.015,0,0,
288,22,0,2264.9607,413.85513,-796.3362,0,0,
289,22,0,2303.674,420.23343,-735.1151,0,0,
290,22,0,2139.8538,426.20877,-585.1095,0,0,
291,22,0,2062.2063,426.21613,-610.1781,0,0,
292,22,0,2052.0962,426.26898,-542.14355,0,0,
293,22,0,2089.8503,426.26898,-493.2379,0,0,
294,22,0,1838.5449,426.26898,-512.7374,0,0,
295,22,0,1787.0286,426.26898,-447.328,0,0,
296,22,0,1820.7981,426.26898,-367.36166,0,0,
297,22,0,1820.1471,426.26898,-285.31,0,0,
298,22,0,1879.2072,426.26898,-190.39516,0,0,
299,22,0,2103.6594,426.26898,-212.2461,0,0,
300,22,0,1995.3704,426.26898,-313.708,0,0,
301,22,0,1899.6205,426.26898,-334.41248,0,0,
302,22,0,1875.9017,426.26898,-430.90897,0,0,
303,22,0,1936.854,426.26898,-490.9193,0,0,
304,22,0,2065.7842,426.26898,-419.22736,0,0,
305,22,0,2002.9347,426.26898,-363.0516,0,0,
306,22,0,2101.8687,426.26898,-322.34177,0,0,
307,22,0,2139.559,426.26898,-261.25366,0,0,
308,22,0,2162.8381,426.26898,-156.56148,0,0,
309,22,0,2044.6954,426.26898,-148.297,0,0,
310,22,0,1964.2914,426.26898,-161.23907,0,0,
311,22,0,1895.8268,426.26898,-119.62434,0,0,
312,22,0,1866.0548,426.26898,-49.632523,0,0,
313,22,0,1938.3738,426.26898,9.231882,0,0,
314,22,0,2032.8671,426.26898,-12.671364,0,0,
315,22,0,2075.8835,426.26898,94.35395,0,0,
316,22,0,2004.7397,426.269,87.454254,0,0,
317,22,0,2020.7037,426.26898,167.85233,0,0,
318,22,0,1949.5338,426.26898,108.18163,0,0,
319,22,0,1956.1653,426.26898,53.937008,0,0,
320,22,0,1626.9106,482.23972,-267.43024,0,0,
321,22,0,1527.3849,497.5885,-298.1062,0,0,
322,22,0,1453.0455,497.5091,-309.69977,0,0,
323,22,0,1390.2427,516.49896,-315.49298,0,0,
324,22,0,1472.3452,497.5982,-357.04022,0,0,
325,22,0,1559.9175,497.6271,-340.73965,0,0,
326,22,0,1633.043,497.5091,-359.41357,0,0,
327,22,0,1642.028,497.63168,-408.7167,0,0,
328,22,0,1640.888,522.95966,-462.27576,0,0,
329,22,0,1574.6064,522.95966,-438.85562,0,0,
330,22,0,1573.8884,522.95953,-505.3127,0,0,
331,22,0,1493.367,521.3738,-528.4371,0,0,
332,22,0,1396.1687,497.5091,-483.4653,0,0,
333,22,0,1423.9396,497.59985,-414.6563,0,0,
334,22,0,1512.5239,522.95966,-433.85196,0,0,
335,22,0,1544.1776,522.95966,-390.32693,0,0,
336,22,0,1599.6229,497.5198,-344.8713,0,0,
337,22,0,1398.3496,512.93744,-364.55368,0,0,
338,22,0,1366.2123,511.01303,-419.60092,0,0,
339,22,0,1361.8068,513.4249,-451.92908,0,0,
340,22,0,1329.8892,534.88293,-145.38425,0,0,
341,22,0,1376.8019,525.0957,-132.0661,0,0,
342,22,0,1390.9506,525.10406,-91.0045,0,0,
343,22,0,1435.324,525.1047,-119.04242,0,0,
344,22,0,1515.0825,525.1044,-76.91891,0,0,
345,22,0,1559.2424,503.84277,-92.05754,0,0,
346,22,0,1538.33,504.16617,-133.43045,0,0,
347,22,0,1477.351,525.10486,-150.31679,0,0,
348,22,0,1467.951,525.10443,-90.49873,0,0,
349,22,0,1573.5061,516.43823,-51.123993,0,0,
350,22,0,1233.1235,571.3583,32.54195,0,0,
351,22,0,1123.9984,571.29083,12.382162,0,0,
352,22,0,1131.9718,571.297,43.08251,0,0,
353,22,0,1185.3514,570.237,74.09765,0,0,
354,22,0,1255.6298,571.2934,76.286415,0,0,
355,22,0,1519.7952,571.29266,85.063644,0,0,
356,22,0,1473.6829,571.28784,77.67058,0,0,
357,22,0,1440.7592,571.3304,116.11913,0,0,
358,22,0,1520.974,571.2716,119.72839,0,0,
359,22,0,1547.1648,571.2958,175.10907,0,0,
360,22,0,1589.0858,571.27167,157.09901,0,0,
361,22,0,1570.507,571.3273,114.18169,0,0,
362,22,0,1615.462,561.41315,110.54291,0,0,
363,22,0,1595.1534,571.27167,205.78711,0,0,
364,22,0,1551.7308,571.27167,260.79794,0,0,
365,22,0,2151.5032,425.66568,408.77246,0,0,
366,22,0,2122.5781,425.66568,474.5041,0,0,
367,22,0,2181.8076,425.66568,508.21893,0,0,
368,22,0,2185.9224,425.66568,435.15414,0,0,
369,22,0,2205.2563,425.66568,559.974,0,0,
370,22,0,2226.1636,425.66568,621.2372,0,0,
371,22,0,2188.3672,425.66876,655.5886,0,0,
372,22,0,2156.5134,425.67535,661.90485,0,0,
373,22,0,2166.8044,425.7296,831.9689,0,0,
374,22,0,2120.8652,425.7296,809.30115,0,0,
375,22,0,2117.6067,425.7471,907.5748,0,0,
376,22,0,2167.7065,425.85062,917.8343,0,0,
377,22,0,2215.5037,426.02966,956.9749,0,0,
378,22,0,2161.3188,425.93356,956.42114,0,0,
379,22,0,2217.0054,426.16183,1011.3906,0,0,
380,22,0,2092.9707,425.6662,1356.1248,0,0,
381,22,0,2110.0664,425.57864,1308.8036,0,0,
382,22,0,2070.977,425.79425,1285.3214,0,0,
383,22,0,2015.7423,426.05536,1271.458,0,0,
384,22,0,1995.7002,426.19226,1291.1663,0,0,
385,22,0,1627.8047,427.50278,1312.7108,0,0,
386,22,0,1576.0524,427.50278,1314.0466,0,0,
387,22,0,1523.8383,427.50278,1285.9879,0,0,
388,22,0,1604.9346,427.50278,1279.3987,0,0,
389,22,0,1518.8608,427.50278,1309.286,0,0,
390,22,0,1102.4856,426.50522,1332.6948,0,0,
391,22,0,995.9688,426.50522,1307.4883,0,0,
392,22,0,932.5654,426.50522,1331.3374,0,0,
393,22,0,976.2084,426.50522,1351.273,0,0,
394,22,0,950.75635,426.50522,1288.8512,0,0,
395,22,0,1015.835,426.50522,1258.5995,0,0,
396,22,0,985.93604,426.50522,1235.8268,0,0,
397,22,0,937.7433,426.50522,1260.9987,0,0,
398,22,0,1047.9515,426.50522,1210.253,0,0,
399,22,0,1145.829,426.50522,1306.2917,0,0,
400,22,0,1161.0322,426.50522,1366.4493,0,0,
401,22,0,1097.0361,426.50522,1414.4241,0,0,
402,22,0,1068.9368,426.50522,1429.0009,0,0,
403,22,0,988.9839,426.50522,1481.7964,0,0,
404,22,0,925.8941,426.50522,1433.3196,0,0,
405,22,0,895.9066,426.982,1389.186,0,0,
406,22,0,851.20105,433.97186,1286.0305,0,0,
407,22,0,902.9907,426.50522,1246.9781,0,0,
408,22,0,904.07434,426.50522,1310.2141,0,0,
409,22,0,867.2158,426.7374,1329.834,0,0,
410,22,0,698.29376,496.71802,1298.9243,0,0,
411,22,0,658.5682,524.9609,1267.5919,0,0,
412,22,0,638.778,524.9609,1310.4196,0,0,
413,22,0,704.2463,510.27545,1357.4908,0,0,
414,22,0,762.35657,465.25824,1372.5265,0,0,
415,22,0,762.60345,498.68567,1408.614,0,0,
416,22,0,733.6248,516.25464,1392.8671,0,0,
417,22,0,787.2851,524.9609,1453.8982,0,0,
418,22,0,812.8294,472.36627,1422.4924,0,0,
419,22,0,716.3659,483.59985,1214.5443,0,0,
420,22,0,649.56714,524.9609,1174.2979,0,0,
421,22,0,636.9466,524.9609,1213.7449,0,0,
422,22,0,688.7349,524.9609,1238.0023,0,0,
423,22,0,731.0493,473.02405,1271.5094,0,0,
424,22,0,755.9576,466.1981,1336.2686,0,0,
425,22,0,791.88715,460.47797,1285.8203,0,0,
426,22,0,772.15497,460.93982,1251.8749,0,0,
427,22,0,784.91174,460.93982,1222.6211,0,0,
428,22,0,757.66144,460.93982,1189.3029,0,0,
429,22,0,723.89575,524.9609,1166.5654,0,0,
430,22,0,583.19476,524.9608,897.9726,0,0,
431,22,0,556.7066,524.9608,879.52356,0,0,
432,22,0,580.5566,524.9609,839.48645,0,0,
433,22,0,610.61163,524.9609,943.14844,0,0,
434,22,0,592.8051,524.9608,980.21173,0,0,
435,22,0,534.3371,524.9609,427.53107,0,0,
436,22,0,530.2583,524.9609,389.97437,0,0,
437,22,0,546.88086,524.9609,347.2564,0,0,
438,22,0,599.43854,524.9609,355.35062,0,0,
439,22,0,607.1959,524.9609,422.85666,0,0,
440,22,0,392.90445,524.9609,-344.79837,0,0,
441,22,0,349.55728,524.9609,-375.5697,0,0,
442,22,0,304.66058,524.9609,-406.35934,0,0,
443,22,0,388.69458,524.9609,-422.01498,0,0,
444,22,0,448.2081,524.9609,-347.51328,0,0,
445,22,0,398.03574,524.9609,-294.40366,0,0,
446,22,0,483.67618,524.9609,-275.14728,0,0,
447,22,0,512.95935,524.9609,-391.41245,0,0,
448,22,0,470.2193,524.9609,-412.8869,0,0,
449,22,0,507.72815,524.9609,-324.19577,0,0,
450,22,0,160.99997,552.6181,-525.7291,0,0,
451,22,0,158.6565,552.62524,-464.97058,0,0,
452,22,0,126.07023,552.62524,-420.35455,0,0,
453,22,0,148.01845,552.62524,-331.88916,0,0,
454,22,0,224.25421,552.62524,-399.60187,0,0,
455,22,0,164.63776,540.81573,-562.8201,0,0,
456,22,0,68.33159,552.62524,-556.5232,0,0,
457,22,0,37.997692,552.62524,-625.4157,0,0,
458,22,0,51.622017,552.62524,-704.0927,0,0,
459,22,0,86.680176,552.62524,-756.33356,0,0,
460,22,0,144.26276,552.62524,-741.4856,0,0,
461,22,0,185.89229,554.50836,-690.0184,0,0,
462,22,0,170.63008,555.5854,-625.73114,0,0,
463,22,0,233.15697,553.1323,-626.4177,0,0,
464,22,0,260.49557,552.62524,-689.4007,0,0,
465,22,0,230.62294,539.707,-746.40796,0,0,
466,22,0,153.36163,576.4962,-811.9157,0,0,
467,22,0,126.66042,552.62524,-856.30817,0,0,
468,22,0,234.20644,552.62524,-861.0609,0,0,
469,22,0,207.61697,563.2029,-835.6172,0,0,
470,22,0,274.25284,552.62524,-802.19635,0,0,
471,22,0,279.28076,552.62524,-886.9504,0,0,
472,22,0,266.11874,552.62524,-961.3257,0,0,
473,22,0,342.62427,552.62524,-972.2602,0,0,
474,22,0,383.18213,549.4892,-925.05975,0,0,
475,22,0,352.7768,550.61395,-894.7068,0,0,
476,22,0,355.65753,552.62524,-849.4078,0,0,
477,22,0,346.5972,552.62524,-806.90125,0,0,
478,22,0,403.10538,535.01434,-822.59467,0,0,
479,22,0,403.68954,530.92285,-893.01324,0,0,
480,22,0,454.71973,524.9697,-909.32086,0,0,
481,22,0,491.2115,524.9608,-941.28625,0,0,
482,22,0,427.3408,552.62524,-975.376,0,0,
483,22,0,385.94357,552.62524,-1063.4608,0,0,
484,22,0,414.147,552.62524,-1099.6807,0,0,
485,22,0,397.95615,552.62524,-999.339,0,0,
486,22,0,349.89478,552.62524,-1029.8031,0,0,
487,22,0,564.7934,524.8967,-954.06573,0,0,
488,22,0,567.49304,524.9485,-994.718,0,0,
489,22,0,572.85974,524.9411,-1035.9529,0,0,
490,22,0,595.2772,524.9275,-1077.6517,0,0,
491,22,0,594.6595,524.9655,-1128.2714,0,0,
492,22,0,667.2776,524.98944,-1170.6421,0,0,
493,22,0,707.9456,503.22385,-1160.6632,0,0,
494,22,0,679.20856,524.92505,-1098.0072,0,0,
495,22,0,720.5318,509.30792,-1114.2358,0,0,
496,22,0,707.59143,515.68427,-1050.6895,0,0,
497,22,0,668.15326,524.81995,-1026.8529,0,0,
498,22,0,643.38464,524.841,-976.7175,0,0,
499,22,0,523.2134,524.8426,-789.6942,0,0,
500,22,0,747.99146,501.24548,-1035.771,0,0,
501,22,0,794.2477,476.6342,-1054.2001,0,0,
502,22,0,807.8764,383.90588,-1282.8119,0,0,
503,22,0,731.2481,373.18915,-1332.1251,0,0,
504,22,0,815.09656,373.18915,-1404.9503,0,0,
505,22,0,755.5266,373.18915,-1481.2493,0,0,
506,22,0,793.4826,373.18915,-1500.973,0,0,
507,22,0,796.5944,373.18915,-1441.1913,0,0,
508,22,0,856.3138,373.18915,-1357.0054,0,0,
509,22,0,783.9321,373.18915,-1552.7343,0,0,
510,22,0,792.22614,373.18915,-1600.2509,0,0,
511,22,0,864.5125,373.18915,-1623.2773,0,0,
512,22,0,862.4285,373.18915,-1735.3542,0,0,
513,22,0,892.6559,373.18915,-1769.2771,0,0,
514,22,0,929.3809,373.18915,-1715.3256,0,0,
515,22,0,870.2737,373.18915,-1809.389,0,0,
516,22,0,815.42676,373.18915,-1807.5162,0,0,
517,22,0,832.7182,373.18915,-1843.5576,0,0,
518,22,0,861.467,373.18915,-2099.8318,0,0,
519,22,0,790.47156,373.18915,-2190.4717,0,0,
520,22,0,738.12787,373.18915,-2155.908,0,0,
521,22,0,767.1401,373.18915,-2088.9473,0,0,
522,22,0,818.35974,373.18915,-2047.9655,0,0,
523,22,0,878.85095,373.18915,-2048.5312,0,0,
524,22,0,764.7075,373.18915,-2235.394,0,0,
525,22,0,739.3435,373.18915,-2282.9067,0,0,
526,22,0,816.9229,373.18915,-2276.409,0,0,
527,22,0,861.24097,373.18915,-2392.562,0,0,
528,22,0,818.66064,373.18915,-2405.321,0,0,
529,22,0,831.34576,373.18915,-2454.6875,0,0,
530,22,0,892.4915,373.18915,-2560.8572,0,0,
531,22,0,858.90424,373.18915,-2583.0264,0,0,
532,22,0,943.6549,373.18915,-2559.3633,0,0,
533,22,0,865.22797,373.18915,-2511.246,0,0,
534,22,0,928.1968,373.18915,-2496.1326,0,0,
535,22,0,1562.8646,373.18915,-2521.0342,0,0,
536,22,0,1584.0245,373.18915,-2580.3792,0,0,
537,22,0,1527.5135,373.18915,-2596.0017,0,0,
538,22,0,1476.5333,373.18915,-2496.6882,0,0,
539,22,0,1403.7408,373.18915,-2531.8254,0,0,
540,22,0,1267.5961,373.18915,-2357.0312,0,0,
541,22,0,1206.2172,373.18915,-2371.8162,0,0,
542,22,0,1136.4545,373.18915,-2338.1685,0,0,
543,22,0,1132.6561,373.18915,-2277.0215,0,0,
544,22,0,1200.4884,373.18915,-2269.5461,0,0,
545,22,0,1287.2781,373.18915,-2293.3938,0,0,
546,22,0,1286.3479,373.18915,-2234.3145,0,0,
547,22,0,1220.3893,373.18915,-2203.7415,0,0,
548,22,0,1256.1188,373.18915,-2163.6719,0,0,
549,22,0,1130.7958,373.18915,-2128.56,0,0,
550,22,0,1178.486,373.18915,-2070.735,0,0,
551,22,0,1231.0211,373.18915,-2008.5863,0,0,
552,22,0,1302.272,373.18915,-2014.9917,0,0,
553,22,0,1369.486,373.18915,-2092.0688,0,0,
554,22,0,1465.8657,373.18915,-2070.6746,0,0,
555,22,0,1527.0293,373.18915,-2074.016,0,0,
556,22,0,1559.6306,373.18915,-2014.4109,0,0,
557,22,0,1512.1537,373.18915,-1956.6973,0,0,
558,22,0,1482.961,373.18915,-2017.2599,0,0,
559,22,0,1430.3507,373.18915,-2120.3025,0,0,
560,22,0,1530.2063,373.18915,-1366.2456,0,0,
561,22,0,1621.9467,373.18915,-1383.1199,0,0,
562,22,0,1598.7449,373.18915,-1295.2344,0,0,
563,22,0,1691.5862,373.18915,-1246.795,0,0,
564,22,0,1758.3789,373.18915,-1289.31,0,0,
565,22,0,1813.8395,373.18915,-1267.0449,0,0,
566,22,0,1840.5905,373.18915,-1172.8295,0,0,
567,22,0,1791.497,373.18915,-1137.6371,0,0,
568,22,0,1718.835,373.18915,-1156.291,0,0,
569,22,0,1650.6869,373.18915,-1181.4452,0,0,
570,22,0,1580.9603,373.18915,-1220.2152,0,0,
571,22,0,1520.7622,373.18915,-1272.4413,0,0,
572,22,0,1433.7603,373.18915,-1246.5468,0,0,
573,22,0,1335.1587,373.18915,-1273.49,0,0,
574,22,0,1436.3583,373.18915,-1386.26,0,0,
575,22,0,1288.1659,373.18915,-1324.4142,0,0,
576,22,0,1192.6924,373.18915,-1390.8971,0,0,
577,22,0,1173.2096,373.18915,-1439.9884,0,0,
578,22,0,1090.9718,373.18915,-1408.614,0,0,
579,22,0,1140.4004,373.18915,-1309.1107,0,0,
580,22,0,599.80664,524.65045,-784.40314,0,0,
581,22,0,661.8375,524.47833,-748.3016,0,0,
582,22,0,617.8509,524.06287,-729.3038,0,0,
583,22,0,537.92377,535.52924,-698.2865,0,0,
584,22,0,529.75,550.4363,-640.88245,0,0,
585,22,0,626.76245,524.6558,-632.5433,0,0,
586,22,0,449.01016,527.71655,-616.643,0,0,
587,22,0,395.5188,541.52545,-612.13885,0,0,
588,22,0,422.43753,527.766,-562.9216,0,0,
589,22,0,465.7813,527.805,-540.2119,0,0,
590,22,0,475.04565,526.3134,-473.52484,0,0,
591,22,0,543.0902,526.6623,-467.59027,0,0,
592,22,0,595.5532,525.83594,-441.52255,0,0,
593,22,0,664.09106,527.812,-509.08374,0,0,
594,22,0,727.3025,524.697,-597.12085,0,0,
595,22,0,648.2553,526.3625,-566.8274,0,0,
596,22,0,558.35986,527.40515,-558.43634,0,0,
597,22,0,582.9139,526.58936,-598.1666,0,0,
598,22,0,568.3118,527.812,-513.779,0,0,
599,22,0,695.3258,524.5179,-641.7224,0,0,
600,22,0,721.77374,524.13153,-685.6552,0,0,
601,22,0,772.98566,524.30774,-728.84485,0,0,
602,22,0,831.8728,524.5259,-764.41095,0,0,
603,22,0,904.9648,524.64716,-773.67413,0,0,
604,22,0,964.31104,524.5502,-791.3353,0,0,
605,22,0,944.8319,524.6378,-708.60406,0,0,
606,22,0,874.521,524.5885,-706.46576,0,0,
607,22,0,826.5265,524.30536,-646.6625,0,0,
608,22,0,806.9358,524.541,-584.0953,0,0,
609,22,0,917.5426,524.6264,-610.1433,0,0,
610,22,0,1003.7306,524.7861,-618.00323,0,0,
611,22,0,1061.241,524.77246,-561.6889,0,0,
612,22,0,1013.9211,524.7811,-563.6454,0,0,
613,22,0,957.99445,524.7162,-641.3069,0,0,
614,22,0,892.38727,524.58514,-576.2466,0,0,
615,22,0,514.97986,372.96436,-2184.4668,0,0,
616,22,0,443.89856,372.96436,-2176.2224,0,0,
617,22,0,544.54407,372.96436,-2133.711,0,0,
618,22,0,470.09692,372.96436,-2239.5566,0,0,
619,22,0,404.90103,372.96436,-2187.1062,0,0,
620,22,0,362.36374,377.13596,-2175.4946,0,0,
621,22,0,413.42432,372.97598,-2238.211,0,0,
622,22,0,390.90662,373.02832,-2279.8188,0,0,
623,22,0,339.67926,373.12906,-2326.597,0,0,
624,22,0,307.90164,373.9784,-2275.3052,0,0,
625,22,0,292.34195,373.1091,-2369.8523,0,0,
626,22,0,230.86708,374.89548,-2396.92,0,0,
627,22,0,225.50876,378.23303,-2462.5015,0,0,
628,22,0,197.49414,380.55933,-2500.924,0,0,
629,22,0,150.87701,380.4024,-2528.8723,0,0,
630,22,0,127.24789,394.21127,-2503.808,0,0,
631,22,0,70.32993,415.3651,-2495.7266,0,0,
632,22,0,2.5169148,424.17123,-2540.4111,0,0,
633,22,0,6.835396,426.8036,-2496.9382,0,0,
634,22,0,-61.378014,443.60156,-2542.217,0,0,
635,22,0,-67.61116,444.0033,-2484.7349,0,0,
636,22,0,-186.20132,451.2086,-2445.9172,0,0,
637,22,0,-134.05359,450.86475,-2379.9924,0,0,
638,22,0,-102.70621,450.86478,-2420.151,0,0,
639,22,0,-41.64338,450.86487,-2342.0723,0,0,
640,22,0,-26.197083,450.8649,-2233.455,0,0,
641,22,0,-24.544971,482.99652,-2189.2815,0,0,
642,22,0,-43.298534,491.02728,-2142.8745,0,0,
643,22,0,-24.817787,491.02725,-2082.297,0,0,
644,22,0,14.036378,491.02725,-2019.4084,0,0,
645,22,0,46.980957,491.02713,-1976.3872,0,0,
646,22,0,110.00233,491.02725,-1987.4985,0,0,
647,22,0,24.955116,487.96664,-2153.0283,0,0,
648,22,0,79.79773,435.56668,-2182.8628,0,0,
649,22,0,157.10016,413.94073,-2215.532,0,0,
650,22,0,62.285957,413.93988,-2268.944,0,0,
651,22,0,134.83391,413.93988,-2273.4294,0,0,
652,22,0,178.19766,413.93988,-2164.615,0,0,
653,22,0,230.0124,418.57272,-2183.2053,0,0,
654,22,0,271.26794,431.61496,-2148.247,0,0,
655,22,0,339.3149,372.9648,-2017.1588,0,0,
656,22,0,380.75473,372.96475,-2007.1072,0,0,
657,22,0,355.10934,372.9649,-1969.8108,0,0,
658,22,0,403.30307,372.96487,-1956.587,0,0,
659,22,0,409.61615,372.9646,-2048.041,0,0,
660,22,0,-311.8219,462.30273,-2425.4673,0,0,
661,22,0,-345.28702,481.23035,-2441.9395,0,0,
662,22,0,-379.23215,500.17566,-2478.79,0,0,
663,22,0,-407.49368,516.2318,-2445.0369,0,0,
664,22,0,-344.2895,494.70422,-2384.541,0,0,
665,22,0,-469.56412,552.85455,-2468.018,0,0,
666,22,0,-539.0072,573.3194,-2479.9165,0,0,
667,22,0,-577.1623,573.8172,-2418.1843,0,0,
668,22,0,-494.35306,568.5204,-2398.9004,0,0,
669,22,0,-438.87756,535.3449,-2396.2834,0,0,
670,22,0,-632.40985,574.03577,-2475.3005,0,0,
671,22,0,-677.3114,574.03577,-2490.7825,0,0,
672,22,0,-726.1566,574.03577,-2484.9749,0,0,
673,22,0,-702.2125,574.03577,-2443.1335,0,0,
674,22,0,-776.01514,574.03577,-2464.3638,0,0,
675,22,0,-837.8069,574.03577,-2489.2302,0,0,
676,22,0,-914.70764,574.03577,-2447.4475,0,0,
677,22,0,-970.87885,574.03577,-2428.5552,0,0,
678,22,0,-884.0275,574.03577,-2419.3384,0,0,
679,22,0,-1059.4552,574.03577,-2396.3481,0,0,
680,22,0,-1094.746,574.03577,-2349.1494,0,0,
681,22,0,-1061.581,574.03577,-2312.436,0,0,
682,22,0,-1139.1646,574.03577,-2283.391,0,0,
683,22,0,-1160.6959,574.03577,-2216.8088,0,0,
684,22,0,-1116.4958,574.03577,-2214.9304,0,0,
685,22,0,-1215.2346,574.03577,-2033.0406,0,0,
686,22,0,-1156.0964,577.0938,-1984.5449,0,0,
687,22,0,-1230.019,589.3424,-1934.9049,0,0,
688,22,0,-1131.2745,595.031,-1900.2676,0,0,
689,22,0,-1232.2566,595.031,-1866.9882,0,0,
690,22,0,-1112.0142,595.031,-1797.574,0,0,
691,22,0,-1217.6661,595.031,-1745.8782,0,0,
692,22,0,-1298.1011,595.031,-1745.5491,0,0,
693,22,0,-1320.0209,595.031,-1668.7711,0,0,
694,22,0,-1203.146,595.031,-1657.1503,0,0,
695,22,0,-1042.3043,595.031,-1759.5709,0,0,
696,22,0,-942.9679,595.031,-1745.015,0,0,
697,22,0,-864.36926,595.031,-1694.5537,0,0,
698,22,0,-891.13135,595.031,-1626.9213,0,0,
699,22,0,-937.1782,595.031,-1690.6141,0,0,
700,22,0,-1046.8324,595.031,-1656.4211,0,0,
701,22,0,-1038.8906,595.031,-1702.366,0,0,
702,22,0,-1056.9637,595.031,-1590.4658,0,0,
703,22,0,-975.76184,595.031,-1557.7192,0,0,
704,22,0,-934.3666,595.031,-1587.4448,0,0,
705,22,0,-1130.3796,595.031,-1572.5354,0,0,
706,22,0,-1204.6066,595.031,-1554.0426,0,0,
707,22,0,-1283.6171,595.031,-1521.4646,0,0,
708,22,0,-1302.035,595.031,-1575.5243,0,0,
709,22,0,-1204.2386,595.031,-1449.6853,0,0,
710,22,0,-1272.159,595.031,-1399.4984,0,0,
711,22,0,-1327.0831,595.031,-1284.2042,0,0,
712,22,0,-1357.9277,595.031,-1241.6459,0,0,
713,22,0,-1277.2865,595.031,-1222.2433,0,0,
714,22,0,-1245.6793,595.031,-1269.1696,0,0,
715,22,0,-1152.6355,595.031,-1223.878,0,0,
716,22,0,-1056.9094,595.031,-1166.6786,0,0,
717,22,0,-1177.597,595.031,-1178.4048,0,0,
718,22,0,-1364.5768,595.031,-1154.1035,0,0,
719,22,0,-1408.6343,595.031,-1128.644,0,0,
720,22,0,-1320.1969,595.031,-1051.383,0,0,
721,22,0,-1304.6268,595.03107,-1144.7245,0,0,
722,22,0,-1370.5182,595.031,-1054.0874,0,0,
723,22,0,-1406.9615,595.031,-828.075,0,0,
724,22,0,-1493.823,595.031,-770.5545,0,0,
725,22,0,-1466.792,595.031,-684.26306,0,0,
726,22,0,-1347.3247,595.031,-777.52454,0,0,
727,22,0,-1437.8889,595.031,-869.2498,0,0,
728,22,0,-1396.1782,595.031,-941.8384,0,0,
729,22,0,-1349.2861,595.031,-873.0619,0,0,
730,22,0,-1299.2789,595.031,-828.71277,0,0,
731,22,0,-1262.5248,595.031,-802.4318,0,0,
732,22,0,-1260.4714,595.031,-853.9841,0,0,
733,22,0,-1175.9775,535.26294,-842.2446,0,0,
734,22,0,-1066.3207,505.50253,-889.3552,0,0,
735,22,0,-1117.929,516.4375,-881.5634,0,0,
736,22,0,-1113.7234,504.19302,-794.0902,0,0,
737,22,0,-1024.3494,500.2809,-821.3301,0,0,
738,22,0,-1004.4081,500.2809,-898.02704,0,0,
739,22,0,-1049.9066,513.19885,-970.72656,0,0,
740,22,0,-961.6587,500.2809,-960.8951,0,0,
741,22,0,-918.3175,500.2809,-879.05676,0,0,
742,22,0,-931.198,500.2809,-792.78656,0,0,
743,22,0,-935.0748,500.2809,-729.6356,0,0,
744,22,0,-978.653,500.2809,-673.2537,0,0,
745,22,0,-1007.2059,500.2809,-603.63306,0,0,
746,22,0,-1048.7432,500.2809,-634.9829,0,0,
747,22,0,-1147.5034,500.2809,-623.5638,0,0,
748,22,0,-1118.0149,500.28094,-474.14838,0,0,
749,22,0,-1014.6474,500.2809,-478.1472,0,0,
750,22,0,-1108.8032,500.2809,-374.17667,0,0,
751,22,0,-1057.8075,500.2809,-507.9701,0,0,
752,22,0,-993.2697,500.2809,-364.31073,0,0,
753,22,0,-1029.0422,500.2809,-294.9462,0,0,
754,22,0,-970.4466,500.2809,-198.56233,0,0,
755,22,0,-1709.8749,595.0547,-289.51373,0,0,
756,22,0,-1695.2135,595.0547,-245.21669,0,0,
757,22,0,-1706.7273,595.0547,-211.97913,0,0,
758,22,0,-1721.4121,595.0547,104.20665,0,0,
759,22,0,-1681.1869,595.0547,118.45485,0,0,
760,22,0,-1679.5061,595.0547,157.94348,0,0,
761,22,0,-1711.3143,595.0547,163.78038,0,0,
762,22,0,-1751.3972,595.0547,160.17767,0,0,
763,22,0,-1775.0457,595.0547,150.14415,0,0,
764,22,0,-1813.1775,595.0547,203.68535,0,0,
765,22,0,-1753.9574,595.0547,201.53163,0,0,
766,22,0,-1717.8688,595.0547,227.54343,0,0,
767,22,0,-1759.6832,595.0547,274.05768,0,0,
768,22,0,-1820.7026,595.0547,263.87875,0,0,
769,22,0,-1865.4106,595.0547,311.07733,0,0,
770,22,0,-1809.364,595.0547,352.5821,0,0,
771,22,0,-1840.7297,595.0547,411.15808,0,0,
772,22,0,-1792.635,595.0547,438.34103,0,0,
773,22,0,-1740.58,595.0547,389.18353,0,0,
774,22,0,-1689.5378,595.0547,331.1523,0,0,
